{"cameraMode":{"drawMode":0,"name":"Shaded","section":"Shading Mode"},"sceneLighting":true,"audioPlay":false,"sceneViewState":{"m_AlwaysRefresh":false,"showFog":true,"showSkybox":true,"showFlares":true,"showImageEffects":true,"showParticleSystems":true,"showVisualEffectGraphs":true,"m_FxEnabled":true},"in2DMode":false,"pivot":{"x":0.7986680269241333,"y":-0.43885862827301028,"z":-4.967897415161133},"rotation":{"x":0.11203112453222275,"y":0.0655534639954567,"z":-0.007350526750087738,"w":0.9915962815284729},"size":8.658563613891602,"orthographic":false}